Jami-joy-jamijoy-01779611966-jamijoyy@gmail.com-7815696ecbf1c96e6894b779456d330e-male-1998-03-20-Student-85-0-Active
Abdullah-joy-jamijoyjami-01779611996-jamijoy@gmail.com-7815696ecbf1c96e6894b779456d330e-male-1996-03-20-Student-0-0-Active
jami-asd-asdfg-01779611396-minacasdsc@gmail.com-040b7cf4a55014e185813e0644502ea9-male-1990-01-01-Teacher-0-0-Active
mr-sir-teacher-teacher-teacher@gmail.com-8d788385431273d11e8b43bb78f3aa41-male-1990-01-01-Teacher-0-0-Active
habla-mama-habla-01779611923-sks-504e5534cdb823d400d539064197bf8e-male-1990-01-01-Student-0-0-Active
Mira-Mira Jannatul-Mira007-01526678923-mira222@gmail.com-cf5bdfb40421ac1f30cc4d45b66b5a81-female-1996-09-16-Student-46.666666666667-93.333333333333-Active
Abdullahmm-kashif-jamijoyhh-01779611999-jamijoyouhiuy@gmail.com-5e36941b3d856737e81516acd45edc50-male-1990-01-01-Student-0-0-Active
rahman-sagar sobhan-sagar-01743673446-sagartt@gmail.com-11e4c6d861ab7b85b26a5137fbfc860f-male-1990-01-01-Student-25-0-Active
nahin-uday-nahinuday-111-nahinu95@gmail.com-698d51a19d8a121ce581499d7b701668-male-1990-01-01-Student-0-0-Active
olitalia-fool-otalia-019813456733-otaliaminaxx@gmail.com-773d4144d4ecaacf24203c8806b465df-female-1996-07-08-Student-25-0-Active
Big-Boss-admin-201920202021-admin@gmail.com-21232f297a57a5a743894a0e4a801fc3-male-1996-07-08-Admin-0-0-Active
jhal-misty-talk-01899055923-talkies@gmail.com-202cb962ac59075b964b07152d234b70-male-1997-11-01-Student-3.3333333333333-6.6666666666667-Active
sillybilly-boyman-silly19-01890777923-silly19@gmail.com-8c8a58fa97c205ff222de3685497742c-male-1990-01-01-Student-0-0-Active
sillybillytilly-bayman-silly20-01875634923-silly20@gmail.com-7b7a53e239400a13bd6be6c91c4f6c4e-male-1997-09-16-Teacher-0-0-Active
gullyboy-mullynoy-sullycapt-0144337777-captsal@gmail.com-0f53b43df72f0e3b924ef503d8db2c3e-male-1990-01-01-Student-0-0-Active
teat-cher-teacher2-01333055923-teacher.minaxx@gmail.com-ccffb0bb993eeb79059b31e1611ec353-male-1990-01-01-Teacher-0-0-Active
master shaheb-charana-masterthebaap-01199855923-mastershaheb@gmail.com-eb0a191797624dd3a48fa681d3061212-male-1990-01-01-Teacher-0-0-Active
minarbon-boro bon-minarborobon-01889761996-jhasikarani@gmail.com-3c24b6049df7c1aafa8b571799fc707c-male-1990-01-01-Student-0-0-Active
sathi-bathi-mimnitun-01897989023-nitunmim@gmail.com-8e7f86260c88346052cadd7d68514184-female-2000-06-22-Student-40-80-Active
soanata-moanata-sonata-01998070923-sonata007@gmail.com-af8beff03fe8e62cf614a1f424209bad-female-1997-06-25-Student-0-0-Active
kalua-malua-magar-01908856477-magarmach2017@gmail.com-11a7624136ee97ae0f3273fc510c82a4-male-1981-07-16-Student-0-0-Active
cobler-cobler-coblermama-01894561923-COBLER2019@gmail.com-a152e841783914146e4bcd4f39100686-male-1981-07-16-Student-0-0-Active
amarnaammonu-jhunununu-kalamalacala-01899945623-akalafala@gmail.com-25f9e794323b453885f5181f1b624d0b-female-1992-02-20-Student-0-0-Active
nahin-uday-nahin2019-01779600066-nihinu@gmail.com-ad3d990bc1036c62ac1df5623bc011ca-male-2000-03-08-Student-0-0-Active
hadbvjad-ahscbvcjhas-knmaksjcnsajs9090-01790901966-dsfadfsdfsf@gmail.com-c44a471bd78cc6c2fea32b9fe028d30a-male-2002-12-18-Teacher-0-0-Active
